speed,age,miles,group,risk
97.0,44.0,30.0,1,0.5976112279191053
135.0,63.0,29.0,1,0.4527103520003165
111.0,26.0,34.0,0,0.750233962021037
97.0,25.0,10.0,1,0.32524900971290915
114.0,38.0,22.0,2,0.26973096398543817
130.0,55.0,34.0,0,0.5871633471963134
118.0,40.0,51.0,0,0.8753213424169751
143.0,42.0,34.0,2,0.23665405507569381
110.0,43.0,31.0,2,0.0
148.0,33.0,53.0,0,0.6404702055639684
136.0,51.0,30.0,1,0.5686136051633867
111.0,57.0,22.0,1,0.22516423830352222
115.0,51.0,4.0,2,0.12328449488254117
105.0,38.0,24.0,2,0.45887205832111155
107.0,41.0,7.0,2,0.48819478805243377
123.0,77.0,26.0,0,0.8388717009656999
115.0,34.0,22.0,2,0.4194319713819507
144.0,48.0,35.0,2,0.2637032381628943
93.0,20.0,10.0,1,0.28090705174644903
110.0,32.0,34.0,0,0.23945388023415765
127.0,28.0,25.0,0,0.7965072162858514
104.0,48.0,28.0,2,0.25098106692810335
112.0,37.0,28.0,0,0.9864621902283963
151.0,34.0,50.0,0,0.6334008870275958
151.0,27.0,43.0,0,0.5509815999133322
120.0,49.0,43.0,1,0.1786379807877274
129.0,66.0,29.0,2,0.23319654392194067
100.0,47.0,36.0,2,0.0966575921896107
101.0,44.0,42.0,2,0.08258862437152115
129.0,59.0,16.0,1,0.3365221549000263
150.0,73.0,1.0,1,0.6948466696265142
92.0,33.0,13.0,1,0.5095125790899804
127.0,71.0,19.0,0,0.7959845030736132
104.0,29.0,8.0,1,0.3736258479584429
100.0,41.0,23.0,2,0.4046715072241591
108.0,39.0,44.0,1,0.3680941928605833
113.0,35.0,19.0,2,0.3649339114910879
141.0,60.0,42.0,2,0.07786368514822642
125.0,66.0,33.0,1,0.5046631330105744
153.0,39.0,35.0,1,0.9659153787725137
135.0,50.0,28.0,1,0.7644194386757119
119.0,43.0,12.0,2,0.2754088325272661
154.0,30.0,40.0,1,0.6307375144095256
149.0,44.0,36.0,2,0.0035250716933104
135.0,43.0,22.0,1,0.525796357818683
133.0,65.0,43.0,1,0.3226361185825668
129.0,48.0,44.0,2,0.4946145158938339
123.0,48.0,65.0,1,0.4276019214264562
119.0,49.0,28.0,0,0.532902669198603
127.0,48.0,31.0,1,0.5553446890802154
119.0,69.0,15.0,0,0.5014794896472792
133.0,53.0,56.0,1,0.41974914313365164
157.0,40.0,48.0,0,0.6527907894220579
150.0,31.0,50.0,0,0.8300250014561454
104.0,81.0,11.0,0,0.665585225378866
118.0,45.0,60.0,1,0.35664347591445555
120.0,24.0,16.0,2,0.2242800896177229
148.0,41.0,48.0,2,0.22388493093143536
120.0,62.0,29.0,0,0.65030136167189
115.0,25.0,44.0,1,0.49316711720379763
129.0,44.0,33.0,2,0.6158645516236829
106.0,26.0,13.0,1,0.6219216885127554
125.0,48.0,16.0,0,0.8279353695988945
101.0,23.0,6.0,1,0.40804116917595246
126.0,28.0,43.0,0,0.6518366379084576
109.0,25.0,29.0,0,0.4442051388850381
93.0,20.0,5.0,1,0.7156098538734248
113.0,24.0,22.0,0,0.3985274386350932
116.0,77.0,22.0,0,0.8309498829666092
124.0,30.0,24.0,0,0.4126421227817318
118.0,78.0,27.0,0,0.4041562452547629
134.0,67.0,56.0,1,0.6817734042239632
106.0,48.0,19.0,2,0.3439078817945864
151.0,41.0,48.0,0,0.7446278109939513
117.0,46.0,32.0,0,1.0
142.0,47.0,32.0,2,0.691260633636726
115.0,75.0,17.0,0,0.6209349176758493
109.0,32.0,11.0,2,0.24026617799989336
124.0,45.0,30.0,0,0.43911289944847814
130.0,38.0,61.0,1,0.5633615268341882
108.0,43.0,30.0,2,0.036947557254478014
122.0,79.0,7.0,0,1.0
131.0,74.0,28.0,0,0.6976034960198136
140.0,48.0,43.0,2,0.1426555014102023
152.0,33.0,48.0,0,0.4560063426642975
116.0,56.0,38.0,1,0.7506576435739232
105.0,26.0,17.0,1,0.4436775741565062
134.0,25.0,40.0,1,0.6865185273894826
136.0,54.0,47.0,1,0.591123451432435
140.0,51.0,38.0,2,0.28266096405115604
136.0,60.0,46.0,2,0.20790351098334658
119.0,44.0,17.0,0,0.9170027404948907
114.0,27.0,18.0,0,0.7284906734414576
124.0,62.0,11.0,0,0.5481434099645317
153.0,34.0,53.0,0,0.7710035875845926
126.0,80.0,13.0,0,0.7947986443926188
113.0,33.0,25.0,2,0.3546015487140098
105.0,39.0,18.0,2,0.3506384675899209
108.0,37.0,63.0,1,0.6074280197837901
122.0,54.0,2.0,2,0.07541709572629601
107.0,47.0,22.0,2,0.20551382228469808
119.0,74.0,21.0,0,0.5009890267282237
137.0,78.0,27.0,1,0.384034006199798
119.0,59.0,58.0,1,0.7895079211502586
113.0,50.0,4.0,2,0.04238150779948213
113.0,52.0,32.0,1,0.4924716574405184
103.0,54.0,19.0,2,0.3028721492894169
99.0,30.0,11.0,1,0.44093294730875315
128.0,55.0,53.0,1,0.48831834303157284
90.0,63.0,34.0,1,0.3937878988688741
104.0,30.0,23.0,2,0.12808774571950077
127.0,56.0,12.0,0,0.7192419715221409
125.0,32.0,11.0,1,0.27181777640598515
110.0,36.0,34.0,0,0.6788016300213779
105.0,55.0,40.0,2,0.0868670738902986
106.0,17.0,31.0,2,0.1537092317278901
142.0,51.0,48.0,1,0.5588634072947446
102.0,49.0,23.0,2,0.2516205975788547
118.0,74.0,5.0,0,0.22151643251351366
136.0,60.0,60.0,1,0.9087355580597289
108.0,56.0,15.0,1,0.7105002759807557
99.0,39.0,19.0,2,0.6300396235838355
110.0,54.0,36.0,2,0.4002771216948637
146.0,39.0,36.0,2,0.5088903166016145
103.0,38.0,8.0,2,0.27774455852595337
118.0,26.0,35.0,0,0.46439130332656225
121.0,73.0,19.0,0,0.6915618449333066
147.0,34.0,48.0,0,0.8965294021188066
121.0,79.0,11.0,0,0.1616479017500001
122.0,56.0,24.0,2,0.22505744445225398
153.0,37.0,53.0,0,1.0
137.0,47.0,36.0,2,0.2756923730170231
118.0,67.0,19.0,0,0.9119963450662959
153.0,66.0,24.0,1,0.5332563491575211
113.0,26.0,38.0,0,0.8530312835790789
116.0,60.0,44.0,1,0.5051143592496793
121.0,44.0,28.0,2,0.1836483655642046
121.0,73.0,15.0,0,0.7083416417558206
110.0,33.0,24.0,2,0.0
152.0,38.0,48.0,0,0.48132830597857107
132.0,49.0,27.0,2,0.30459086466732793
116.0,36.0,31.0,0,0.8762720106963103
141.0,100.0,20.0,1,1.0
119.0,59.0,26.0,1,0.4541624470151683
102.0,25.0,20.0,1,0.5444084766995704
102.0,35.0,9.0,2,0.19120601489788813
127.0,32.0,12.0,2,0.160142139992654
154.0,38.0,55.0,0,0.803738499935461
142.0,38.0,44.0,2,0.25407379896000226
99.0,48.0,17.0,2,0.3624021520383788
121.0,37.0,22.0,0,0.3792592397440136
116.0,40.0,12.0,2,0.0
104.0,25.0,21.0,1,0.5785805893120943
127.0,79.0,13.0,0,0.577480959045443
113.0,26.0,24.0,2,0.0
109.0,53.0,28.0,2,0.37519071074877547
113.0,19.0,28.0,0,0.7226091056058922
118.0,80.0,16.0,0,0.4348781952812762
145.0,43.0,43.0,2,0.7602197966055357
114.0,39.0,33.0,2,0.27150290089373147
128.0,79.0,22.0,0,0.7554756002121028
113.0,42.0,25.0,2,0.3526809681914652
132.0,60.0,53.0,1,0.6494230393175688
99.0,25.0,7.0,1,0.8330424723538683
133.0,44.0,36.0,2,0.0
138.0,68.0,32.0,1,0.12604590611058647
126.0,24.0,6.0,1,0.36767913040706435
151.0,38.0,51.0,0,0.4833206883839498
112.0,36.0,28.0,2,0.31263759721299766
151.0,33.0,49.0,0,0.6262802625029722
123.0,21.0,40.0,1,0.517050960804142
151.0,33.0,52.0,0,0.5066355684304095
88.0,26.0,18.0,1,0.5236227062447611
96.0,17.0,14.0,1,0.7638201836411014
130.0,36.0,36.0,0,0.8856004112801483
119.0,16.0,27.0,0,0.8144230259883655
120.0,89.0,15.0,0,0.13702971893013227
136.0,39.0,43.0,2,0.5836441672475702
105.0,28.0,3.0,1,0.13085917846841666
99.0,34.0,30.0,2,0.4626650677471799
123.0,73.0,36.0,1,0.18690230857116147
96.0,63.0,37.0,2,0.37921968889291896
150.0,27.0,50.0,0,0.7771246955128915
124.0,39.0,12.0,2,0.2524779255192292
152.0,34.0,53.0,0,0.5043622668746679
126.0,79.0,15.0,0,0.435678044517371
133.0,72.0,30.0,0,0.8398419553313247
115.0,70.0,31.0,0,0.5777686355567698
127.0,24.0,49.0,1,0.4811033759867134
120.0,19.0,33.0,0,1.0
132.0,56.0,62.0,1,0.0
134.0,43.0,46.0,2,0.48441307201296396
155.0,69.0,53.0,1,0.0
99.0,23.0,15.0,1,0.5681979329489052
119.0,75.0,36.0,1,0.6993467423774348
108.0,33.0,22.0,2,0.2776114323330638
143.0,53.0,56.0,1,0.15266777217228006
94.0,31.0,30.0,2,0.5869177723224603
113.0,56.0,29.0,2,0.34721990687684534
139.0,54.0,42.0,1,0.5025780765325796
144.0,49.0,32.0,1,0.6148563086002289
119.0,37.0,2.0,2,0.08065473509264576
101.0,26.0,10.0,1,0.42828967992037925
123.0,73.0,18.0,0,0.7418160290500162
146.0,38.0,54.0,0,0.33144058790242864
136.0,48.0,35.0,2,0.0
126.0,34.0,36.0,1,0.7485619623596066
103.0,22.0,15.0,1,0.850812438991227
117.0,75.0,18.0,0,0.9196800606989328
101.0,28.0,18.0,1,0.6306967297151707
112.0,76.0,33.0,0,0.9508270273961004
143.0,44.0,43.0,1,0.6856228896849554
112.0,73.0,30.0,2,0.43072093069145323
137.0,54.0,38.0,2,0.0
97.0,17.0,18.0,1,0.7386795478990278
118.0,84.0,25.0,0,0.6559581082171555
105.0,20.0,41.0,0,0.95102500601054
102.0,31.0,24.0,2,0.408682651960628
124.0,34.0,49.0,1,0.3670896847145956
100.0,29.0,10.0,2,0.23070145209857068
129.0,68.0,22.0,0,0.4747892195025266
119.0,44.0,26.0,2,0.3757514786631059
156.0,38.0,48.0,0,1.0
90.0,25.0,14.0,1,0.31839254079051593
114.0,84.0,20.0,0,0.7478997237344127
139.0,51.0,50.0,1,0.7209283662030661
98.0,29.0,14.0,1,0.42460295047607216
155.0,32.0,54.0,0,0.43865067921320083
125.0,47.0,23.0,2,0.4565468634376525
136.0,44.0,46.0,2,0.411369614494399
134.0,38.0,46.0,1,0.22530171162175344
117.0,41.0,5.0,1,0.6751794132311442
109.0,57.0,27.0,1,0.4763265765442782
114.0,43.0,29.0,2,0.25232715185774873
122.0,46.0,29.0,2,0.5050799295152301
117.0,47.0,19.0,2,0.1661172046825494
101.0,31.0,12.0,1,0.5935787325911813
151.0,36.0,50.0,0,0.6415096211409318
100.0,22.0,16.0,1,0.23701911886493093
137.0,37.0,61.0,1,0.8201503273671247
139.0,38.0,77.0,1,0.4596753295878144
138.0,42.0,42.0,2,0.009068677323682772
119.0,34.0,29.0,0,0.49445536141823315
124.0,71.0,11.0,0,0.49676693623384505
129.0,29.0,36.0,0,1.0
104.0,56.0,15.0,1,0.5346674662894074
109.0,76.0,56.0,1,0.8542019474010782
113.0,37.0,14.0,2,0.20801495093594446
131.0,74.0,24.0,0,0.7632613563902784
133.0,46.0,26.0,1,0.5635319404086994
107.0,43.0,16.0,2,0.3031626270396775
98.0,28.0,19.0,1,0.5288776583807452
116.0,30.0,35.0,0,0.8240466047737155
107.0,43.0,16.0,2,0.3100188015839373
114.0,64.0,19.0,0,0.6282443044674152
106.0,52.0,55.0,1,0.7925449639297506
129.0,34.0,37.0,2,0.20482567589941264
129.0,60.0,48.0,1,0.3075775445273303
120.0,77.0,14.0,0,0.8290146283254426
92.0,22.0,19.0,1,0.48670135023401934
123.0,30.0,30.0,0,0.44453956727147187
151.0,36.0,47.0,0,0.6849436194826721
104.0,34.0,21.0,0,0.797802615272362
156.0,39.0,59.0,0,0.735319975820765
125.0,40.0,43.0,0,0.8626022296249279
150.0,22.0,46.0,0,0.20183049974637435
117.0,66.0,18.0,0,0.590191107822151
128.0,35.0,3.0,2,0.0
146.0,41.0,44.0,2,0.3964927850789552
117.0,68.0,21.0,0,0.8661253761450326
120.0,30.0,24.0,0,0.26782386350035225
124.0,62.0,28.0,1,0.2983665452759607
120.0,76.0,52.0,1,0.5068436008640309
146.0,33.0,50.0,0,0.6248389237769761
100.0,24.0,21.0,1,0.7453807614766366
123.0,77.0,15.0,1,0.7247428312125149
125.0,91.0,20.0,0,0.3914766331323569
134.0,47.0,35.0,2,0.34881204634809104
141.0,60.0,36.0,1,0.29858319808063005
117.0,50.0,32.0,2,0.6469822326716572
102.0,34.0,3.0,2,0.200551650132064
113.0,72.0,25.0,2,0.35459242517433553
100.0,27.0,8.0,1,0.5160367914930865
143.0,40.0,38.0,2,0.15488500081272555
102.0,50.0,25.0,2,0.11164951433849649
128.0,51.0,22.0,2,0.4937604570164618
155.0,29.0,51.0,0,0.3023725497155592
142.0,41.0,43.0,2,0.08745620963442005
110.0,51.0,31.0,2,0.6884169127409738
120.0,84.0,20.0,0,0.7456140601666547
114.0,26.0,25.0,0,0.5804992979353099
84.0,69.0,24.0,2,0.6460977980215838
130.0,45.0,33.0,2,0.637607137227503
124.0,80.0,29.0,0,1.0
98.0,26.0,13.0,1,0.5164881969690934
156.0,29.0,55.0,0,0.5560927264896709
142.0,47.0,30.0,2,0.0792695519869554
109.0,54.0,17.0,2,0.4157984300245775
134.0,44.0,61.0,1,0.0676893259345786
144.0,62.0,64.0,1,0.33884869731886763
96.0,24.0,23.0,1,0.5615511684307991
111.0,18.0,6.0,1,0.32222149895026797
137.0,36.0,41.0,2,0.03483594607653934
124.0,33.0,11.0,2,0.34394751664284595
124.0,68.0,44.0,2,0.16217788649357512
145.0,42.0,39.0,2,0.01897676776190954
132.0,36.0,49.0,2,0.37291275650825306
149.0,36.0,47.0,0,0.48309981114006484
106.0,39.0,26.0,2,0.08163454677178594
127.0,64.0,21.0,0,0.6150120285118159
143.0,30.0,42.0,0,0.5021161212192645
106.0,57.0,22.0,2,0.2521288315079601
116.0,22.0,36.0,0,0.8605784360282113
115.0,52.0,37.0,2,0.3743412796758505
124.0,75.0,17.0,0,0.9047287305762312
126.0,76.0,7.0,0,0.23404811931081143
135.0,44.0,40.0,2,0.24859948218511907
116.0,45.0,48.0,1,0.24213772539422862
145.0,43.0,50.0,0,0.5946847629968541
149.0,30.0,57.0,0,0.9252057440193624
137.0,40.0,22.0,1,0.4285922929486671
129.0,49.0,46.0,2,0.552363516267356
123.0,43.0,44.0,1,0.5414218365838361
97.0,28.0,52.0,0,0.8144771341023095
113.0,36.0,38.0,0,0.9335877861757034
103.0,29.0,18.0,1,0.3818409391113846
156.0,34.0,49.0,0,0.8099343760824779
112.0,59.0,40.0,2,0.3202030539757425
122.0,64.0,24.0,0,0.5982736825064703
100.0,26.0,14.0,1,0.5528766107108163
111.0,32.0,31.0,0,0.48843899098898924
109.0,59.0,45.0,2,0.12218726630262824
114.0,60.0,19.0,0,0.5239429285087516
131.0,28.0,30.0,0,0.691682605906397
119.0,40.0,43.0,1,0.05368991933596223
107.0,16.0,25.0,0,0.6590458300665716
133.0,86.0,33.0,0,0.6058483267748801
136.0,55.0,37.0,2,0.5019431149962628
120.0,30.0,13.0,0,0.8619303534163542
152.0,33.0,49.0,0,0.7966668590710713
138.0,43.0,57.0,1,1.0
106.0,85.0,7.0,0,0.34655618401866994
117.0,67.0,49.0,1,0.18801661283201326
124.0,69.0,3.0,1,0.9522294643087182
138.0,47.0,48.0,2,0.252060557357044
137.0,40.0,47.0,2,0.3469965848537173
150.0,31.0,48.0,0,0.555612770365302
142.0,37.0,40.0,2,0.016211855828235977
107.0,34.0,26.0,2,0.37652642703938854
116.0,61.0,27.0,2,0.02597173207218456
150.0,32.0,56.0,0,0.7960457184327562
100.0,37.0,39.0,2,0.42258283314359385
110.0,53.0,40.0,2,0.0
117.0,45.0,2.0,2,0.02745316313536872
109.0,37.0,7.0,2,0.19678580424554892
124.0,46.0,28.0,0,0.6755169703840467
107.0,52.0,26.0,2,0.680805272548079
128.0,84.0,41.0,0,0.46870453461221073
96.0,22.0,13.0,1,0.4065944914427062
133.0,48.0,47.0,2,0.0
142.0,40.0,40.0,2,0.45021405174327084
152.0,40.0,54.0,0,0.9528423231736243
135.0,45.0,41.0,2,0.04527526549941796
153.0,32.0,46.0,0,1.0
106.0,33.0,1.0,1,0.2824461056757934
92.0,27.0,12.0,1,0.53760974565096
141.0,45.0,38.0,2,0.5090388855943796
137.0,40.0,36.0,2,0.34448953104127317
103.0,33.0,17.0,1,0.2916506649087731
154.0,39.0,47.0,0,0.8368311650875961
147.0,35.0,52.0,0,0.7774087680076796
147.0,35.0,52.0,0,0.7224127667329155
122.0,25.0,8.0,0,0.43324462057146274
147.0,38.0,47.0,0,0.37213178223645027
118.0,45.0,14.0,2,0.5532727459235414
141.0,61.0,23.0,1,0.3656468146896592
134.0,27.0,69.0,1,0.3907750821654724
101.0,31.0,3.0,1,0.6355739893257532
124.0,47.0,15.0,1,0.6401250516104356
137.0,42.0,42.0,1,0.3743889538062424
134.0,45.0,36.0,2,0.48191615949051314
138.0,49.0,42.0,2,0.855741706064931
113.0,30.0,36.0,0,0.6351337524237981
134.0,48.0,43.0,2,0.34931867516603926
119.0,46.0,11.0,2,0.27553266247404645
115.0,60.0,24.0,0,0.7216368580783803
125.0,38.0,10.0,2,0.19980803392934132
98.0,54.0,19.0,2,0.11113892705028292
157.0,34.0,52.0,0,0.9325867641602836
117.0,84.0,35.0,0,0.6753029729192686
96.0,26.0,13.0,1,0.5018929234853476
110.0,61.0,30.0,2,0.24869297347361502
118.0,81.0,30.0,0,0.8813572710267045
139.0,45.0,50.0,1,0.18673545750576143
119.0,37.0,15.0,2,0.5485170905427463
144.0,52.0,37.0,2,0.2970466039461306
101.0,33.0,18.0,1,0.7584304873015464
96.0,28.0,15.0,1,0.8459823457628539
107.0,44.0,20.0,2,0.2152260426719374
124.0,39.0,29.0,0,0.6147439420061375
149.0,32.0,49.0,0,0.7381439515196458
101.0,20.0,16.0,1,1.0
125.0,50.0,46.0,1,0.527648950169059
115.0,74.0,16.0,0,0.6110861854216906
110.0,22.0,39.0,0,0.5994808642703957
99.0,23.0,18.0,1,0.47827810639531143
125.0,27.0,25.0,0,0.9663651123449373
111.0,71.0,29.0,2,0.45602126130414095
148.0,35.0,53.0,0,0.775676758403617
121.0,33.0,48.0,1,0.24120438136824174
149.0,46.0,12.0,1,0.3538482668887528
122.0,33.0,28.0,0,0.6917738521225028
120.0,21.0,37.0,0,0.5531662068529704
117.0,53.0,26.0,2,0.16106294938789648
144.0,48.0,49.0,2,0.35819654776239473
121.0,60.0,30.0,2,0.1787141575238587
108.0,36.0,25.0,0,0.9007943738629072
115.0,69.0,16.0,0,0.19466689028673245
129.0,42.0,41.0,2,0.43965428703172293
112.0,50.0,6.0,1,0.8290072374050022
110.0,76.0,34.0,0,0.976324212496954
92.0,28.0,21.0,1,0.7648119922945619
145.0,45.0,58.0,1,0.4888073894262082
93.0,20.0,16.0,1,0.7234973699226899
131.0,16.0,33.0,0,0.6346869568947556
91.0,69.0,44.0,1,0.6248509680589714
146.0,29.0,55.0,0,0.9866505083313425
113.0,44.0,9.0,2,0.24157243682372198
99.0,28.0,13.0,1,0.7262909880190515
118.0,48.0,19.0,1,0.5716906175534274
99.0,23.0,15.0,1,0.44005123466310286
139.0,48.0,38.0,2,0.45480155967450214
137.0,48.0,41.0,2,0.21057930319275164
94.0,27.0,11.0,1,0.5259638042278789
132.0,49.0,38.0,2,0.13863356343213679
125.0,37.0,21.0,2,0.17231749763107815
128.0,53.0,25.0,0,0.9131269769380551
101.0,16.0,9.0,1,0.33026381632565216
124.0,74.0,3.0,1,0.18406917074168438
133.0,38.0,42.0,2,0.13188349527425297
96.0,68.0,42.0,1,0.33074286539252284
148.0,32.0,57.0,0,0.4008872045009926
137.0,46.0,39.0,2,0.43992563506376947
101.0,16.0,13.0,1,0.5325207987939379
95.0,24.0,17.0,1,0.5005090329444324
144.0,36.0,51.0,1,0.30128804528106334
161.0,48.0,22.0,1,0.23352044051355741
145.0,40.0,53.0,0,0.46116686876184654
114.0,48.0,7.0,2,0.23375340947401374
136.0,67.0,15.0,0,0.7667169540994474
107.0,82.0,19.0,0,0.5328739246451827
140.0,52.0,42.0,2,0.22218589074784947
121.0,55.0,60.0,1,0.10931930942302714
121.0,86.0,12.0,0,0.5502567881905565
102.0,38.0,19.0,0,0.8770389209484143
116.0,48.0,70.0,1,0.6445975820660265
108.0,65.0,16.0,1,0.6464456821274026
105.0,52.0,72.0,1,0.8388517571761189
94.0,16.0,11.0,1,0.6719919676080607
140.0,40.0,35.0,2,0.8285829376864893
114.0,51.0,13.0,2,0.47440094354879025
112.0,51.0,19.0,2,0.6448215368328689
90.0,32.0,14.0,1,0.837975248153582
151.0,47.0,54.0,0,0.4277206697715406
121.0,23.0,23.0,0,0.8487305000000495
112.0,38.0,25.0,2,0.5059918217942714
122.0,92.0,13.0,0,1.0
117.0,58.0,20.0,2,0.5230922395830963
148.0,44.0,39.0,2,0.07071482157345901
102.0,49.0,14.0,2,0.009237631758896692
103.0,32.0,30.0,0,0.9796541356899038
152.0,32.0,58.0,0,0.930628002780616
146.0,37.0,46.0,0,0.6166354860259224
114.0,72.0,29.0,0,0.8567504208487617
106.0,47.0,29.0,2,0.12156079139836753
120.0,34.0,22.0,2,0.2911416678200898
141.0,49.0,67.0,1,0.23158505918011146
142.0,70.0,25.0,1,0.5022291964242701
112.0,30.0,12.0,2,0.18328377509583232
113.0,42.0,13.0,2,0.4243940792994874
124.0,36.0,34.0,0,0.6754772082904988
148.0,27.0,48.0,0,0.8235900649794582
148.0,29.0,50.0,0,0.5368477370876905
144.0,61.0,29.0,1,0.1351399475640933
118.0,32.0,28.0,2,0.30129593760370893
109.0,43.0,52.0,1,0.29653448736794363
123.0,90.0,18.0,0,0.709253908135035
126.0,54.0,44.0,1,0.21427475296565712
142.0,48.0,1.0,1,0.5128530940450813
111.0,52.0,39.0,2,0.2771696264667163
138.0,80.0,24.0,0,0.7943180968589922
150.0,35.0,48.0,0,0.7517252027530369
80.0,63.0,21.0,1,0.9669525692988101
126.0,85.0,19.0,0,0.5986576584551673
89.0,26.0,12.0,1,0.5660013539952694
123.0,81.0,21.0,0,0.4802135821250643
120.0,72.0,29.0,0,0.5554802432213519
114.0,65.0,29.0,2,0.4004299293743542
102.0,26.0,17.0,1,0.3385625738639937
133.0,58.0,27.0,1,0.520092715235592
149.0,29.0,48.0,0,0.443381722734912
137.0,40.0,75.0,1,0.6262229414476805
153.0,31.0,53.0,0,0.8824973212297531
117.0,28.0,28.0,2,0.35745240164653086
110.0,66.0,34.0,1,0.28184384013717123
123.0,81.0,26.0,0,0.8242294277300157
134.0,26.0,46.0,1,0.7532508332286785
127.0,83.0,24.0,0,0.8469058742308966
124.0,18.0,26.0,1,0.7261162097051536
151.0,32.0,44.0,0,0.8498525334684173
105.0,19.0,16.0,1,0.4636317896745379
122.0,27.0,31.0,0,0.7837051695548437
102.0,40.0,19.0,2,0.09775365239816322
130.0,80.0,47.0,1,0.5276568331800152
100.0,44.0,17.0,0,0.8410780590814955
102.0,24.0,6.0,1,0.6653370716043487
156.0,32.0,49.0,0,0.7500864458001458
117.0,63.0,30.0,2,0.6647845754550538
128.0,33.0,52.0,1,0.5080974769426698
110.0,32.0,46.0,1,0.46551165213820267
121.0,63.0,29.0,1,0.5059784815779242
117.0,45.0,18.0,2,0.41247794076816674
111.0,33.0,9.0,2,0.0
121.0,74.0,25.0,0,0.728762225316623
107.0,24.0,16.0,1,0.6808412779198818
142.0,34.0,52.0,0,0.9655107149281628
119.0,81.0,26.0,0,0.947049329913116
135.0,31.0,22.0,0,0.5878228753098765
126.0,32.0,56.0,1,0.26750443060678375
129.0,42.0,33.0,1,0.2561603788844534
143.0,51.0,37.0,2,0.02625493792001876
113.0,68.0,38.0,1,0.7158735835928955
146.0,50.0,37.0,2,0.3112959443944694
147.0,31.0,57.0,0,0.5646581171483445
112.0,30.0,11.0,2,0.16986714384876242
112.0,47.0,26.0,2,0.6693603983010585
142.0,35.0,37.0,2,0.060697688795949806
99.0,26.0,21.0,1,0.47960467401345286
140.0,77.0,1.0,1,0.6483858951802346
115.0,50.0,25.0,2,0.745085778678872
109.0,42.0,15.0,2,0.30421434900349964
109.0,56.0,4.0,2,0.3853453037201894
129.0,75.0,13.0,0,0.6268413484731797
126.0,83.0,21.0,0,0.46451016330752803
116.0,33.0,26.0,2,0.3237851294036269
105.0,39.0,16.0,2,0.14789591253573092
110.0,22.0,15.0,1,0.46070723447161677
114.0,69.0,55.0,1,0.6741155799563826
142.0,44.0,49.0,2,0.42476009146669846
129.0,41.0,31.0,0,0.43326204100355087
111.0,52.0,23.0,0,0.7850994881149416
128.0,89.0,54.0,1,0.503548018491253
149.0,38.0,56.0,0,0.5066295985052245
95.0,46.0,1.0,2,0.009356194602529233
149.0,36.0,54.0,0,0.8325551167846685
95.0,27.0,10.0,1,0.5845192136884453
106.0,21.0,23.0,1,0.2786165078943581
133.0,45.0,32.0,1,0.6335139179433391
136.0,24.0,43.0,1,0.7217988450071817
104.0,25.0,21.0,1,0.3852405572820503
150.0,52.0,57.0,1,0.14030377191833604
137.0,50.0,50.0,2,0.5456299236125021
97.0,30.0,23.0,1,0.631496289294325
129.0,74.0,3.0,0,0.6427328831774399
95.0,29.0,8.0,1,0.614355820920499
99.0,29.0,16.0,1,0.8464846056885902
119.0,45.0,37.0,2,0.5398040893245925
138.0,68.0,56.0,1,0.3957650354352896
151.0,36.0,47.0,0,0.3813802815405851
137.0,55.0,35.0,1,0.3721716720099991
111.0,48.0,25.0,2,0.022472750727329738
117.0,24.0,37.0,0,0.6909761751558063
112.0,78.0,19.0,0,0.8516401311240862
141.0,44.0,41.0,2,0.46556708558756504
105.0,28.0,14.0,1,0.14109748017077178
145.0,46.0,45.0,2,0.039586190903043494
132.0,67.0,27.0,1,0.4931799767538542
116.0,32.0,21.0,2,0.48784497258231774
151.0,32.0,54.0,0,0.7846015908157491
139.0,47.0,40.0,2,0.11875491794553622
152.0,49.0,30.0,1,0.39179398570786306
119.0,72.0,37.0,2,0.44701870413724787
101.0,35.0,20.0,1,0.5143447023772915
138.0,40.0,43.0,2,0.02952754475783248
103.0,28.0,19.0,1,0.2953506451085611
158.0,39.0,44.0,0,0.6086197123372189
145.0,64.0,33.0,1,0.5995463180662501
101.0,30.0,11.0,1,0.4913071940628721
150.0,39.0,51.0,0,0.5575533898425761
101.0,22.0,13.0,1,0.14025252289506707
99.0,25.0,17.0,1,0.217792766006282
129.0,45.0,43.0,1,0.6116169514775838
115.0,83.0,17.0,0,0.9132070737236325
114.0,44.0,25.0,0,0.783468831711078
115.0,82.0,1.0,1,0.41096656306757995
130.0,54.0,45.0,1,0.3838264909254141
129.0,24.0,37.0,0,1.0
107.0,69.0,28.0,0,0.8496299166201564
115.0,48.0,18.0,2,0.14338620458713247
134.0,43.0,41.0,2,0.20407581260609903
148.0,43.0,39.0,2,0.0
114.0,56.0,21.0,2,0.5035587210955136
97.0,20.0,16.0,1,0.6358916591062249
116.0,40.0,40.0,2,0.6423532322584316
150.0,45.0,45.0,2,0.5770053418953683
120.0,42.0,35.0,1,0.35961664121556436
142.0,46.0,29.0,2,0.4293816783196712
116.0,74.0,41.0,0,0.6016999561623355
106.0,42.0,23.0,2,0.44373403667948397
139.0,47.0,34.0,2,0.5583358891055015
144.0,33.0,51.0,0,0.5020636974293008
88.0,23.0,20.0,1,0.39216780589220585
117.0,79.0,18.0,0,0.6466006944378128
106.0,30.0,14.0,2,0.3654787126417901
119.0,35.0,8.0,2,0.2959824722582528
106.0,44.0,25.0,2,0.27697816429879724
144.0,44.0,40.0,2,0.0
135.0,45.0,36.0,2,0.23874482849782094
116.0,70.0,1.0,1,0.34437138546981183
151.0,33.0,50.0,0,0.823896163582349
96.0,33.0,14.0,1,0.5403779599196259
107.0,45.0,23.0,2,0.44924528102272443
108.0,48.0,28.0,2,0.23478578009392997
105.0,41.0,28.0,2,0.3679250494863084
151.0,32.0,53.0,0,0.6442826532515135
97.0,28.0,21.0,1,0.46650289909627296
149.0,49.0,42.0,2,0.34384382894952187
113.0,73.0,20.0,1,0.5574036215532805
105.0,30.0,17.0,1,0.39011344293585026
118.0,45.0,42.0,0,0.18123364498145367
89.0,32.0,10.0,1,0.8813217403643637
104.0,38.0,40.0,2,0.1914984599481891
106.0,64.0,33.0,2,0.2991386086740904
140.0,50.0,10.0,1,0.45925755100274707
126.0,38.0,27.0,0,0.9010695282151975
107.0,42.0,20.0,2,0.30108077183917553
154.0,35.0,56.0,0,0.5077207636023846
123.0,71.0,20.0,0,0.9034426225332994
115.0,39.0,11.0,2,0.3518306616809742
148.0,42.0,50.0,0,0.8059364044129894
116.0,68.0,63.0,1,0.35998391572550487
125.0,39.0,41.0,1,0.2125000353930473
135.0,46.0,36.0,2,0.0
131.0,96.0,33.0,1,0.17374626550166433
131.0,51.0,43.0,1,0.6948771224098096
120.0,41.0,31.0,2,0.6442012456944083
127.0,81.0,18.0,0,0.6265129317606999
109.0,43.0,22.0,2,0.2241839872419742
108.0,56.0,10.0,2,0.5653107886077547
119.0,75.0,32.0,1,0.5049823831593903
93.0,26.0,18.0,1,0.5154769241866014
151.0,30.0,51.0,0,0.7153087172269443
125.0,52.0,60.0,1,0.6444716951807397
99.0,16.0,13.0,1,0.5054195244075798
108.0,28.0,38.0,0,0.6966156992438396
125.0,34.0,43.0,0,0.7716249250502166
104.0,58.0,22.0,2,0.08821168294990306
125.0,35.0,74.0,1,0.41028694465597015
147.0,34.0,52.0,0,0.8869027881565963
120.0,35.0,19.0,0,0.6017842932849737
104.0,16.0,15.0,1,0.8054603546030223
119.0,60.0,36.0,2,0.1786489830955194
102.0,57.0,17.0,1,0.4521692066564812
101.0,19.0,8.0,1,0.850299618552516
146.0,44.0,42.0,2,0.5386124775210371
134.0,62.0,55.0,1,0.5831120182838985
107.0,39.0,21.0,2,0.20686381935736756
106.0,60.0,25.0,2,0.671610554962184
166.0,56.0,30.0,1,0.49764990457783115
115.0,51.0,30.0,2,0.28739032734535475
152.0,31.0,49.0,0,0.9261086416453693
93.0,44.0,7.0,2,0.4539284341121522
133.0,19.0,37.0,0,0.9080213856191105
98.0,30.0,9.0,1,0.3626745926621169
95.0,45.0,17.0,2,0.1585895377542769
143.0,50.0,37.0,2,0.12353543244492463
149.0,35.0,44.0,0,1.0
120.0,41.0,70.0,1,0.5128076154691223
125.0,62.0,62.0,1,0.41425650971218164
116.0,31.0,14.0,2,0.5044719848282685
152.0,33.0,47.0,0,0.7592195684372021
139.0,38.0,42.0,1,0.6984995857511451
126.0,41.0,49.0,1,0.5423513891303079
109.0,40.0,7.0,2,0.3994757866763756
127.0,83.0,29.0,1,0.637177956646418
94.0,49.0,12.0,2,0.1436305474626426
131.0,45.0,36.0,2,0.4943168219799773
139.0,46.0,25.0,1,0.1423149429775296
136.0,45.0,42.0,2,0.14626185949644294
152.0,38.0,46.0,0,0.5778731940738981
100.0,53.0,18.0,2,0.1613091847336783
137.0,52.0,38.0,2,0.1194565939344586
131.0,74.0,20.0,0,0.5496355535538392
129.0,74.0,51.0,1,0.3400828114823678
123.0,73.0,25.0,0,1.0
123.0,41.0,57.0,1,0.38100682817746684
132.0,71.0,11.0,0,0.28769865330276456
109.0,48.0,35.0,1,0.35367018493638497
121.0,59.0,30.0,2,0.0
141.0,40.0,37.0,2,0.3312432835854493
109.0,88.0,43.0,1,0.8464791680712327
147.0,36.0,50.0,0,0.8052503731769682
134.0,44.0,38.0,2,0.3616740676732303
149.0,34.0,54.0,0,0.8092650491620764
159.0,32.0,47.0,0,0.4008648642168549
124.0,46.0,13.0,2,0.4928065415082062
148.0,31.0,51.0,0,0.7921270215219159
128.0,84.0,11.0,0,0.6410927447075776
115.0,64.0,36.0,2,0.26570400035126723
130.0,51.0,37.0,1,0.3155780178362912
98.0,20.0,22.0,1,0.46731279932406
114.0,48.0,5.0,1,0.5536723137716976
108.0,58.0,31.0,2,0.5351122157712433
133.0,46.0,39.0,0,0.47649395392042737
121.0,44.0,19.0,0,0.7724677683039182
110.0,66.0,48.0,1,0.505310630398381
138.0,43.0,41.0,2,0.40982428325843495
136.0,36.0,47.0,1,0.33480610698239743
110.0,45.0,29.0,1,0.38075269960133046
143.0,36.0,38.0,2,0.1925876367089066
97.0,25.0,15.0,1,0.9192753333230274
118.0,51.0,24.0,2,0.5760054205370235
123.0,48.0,19.0,2,0.12684990601011056
124.0,18.0,39.0,0,0.7460034646757
153.0,38.0,55.0,0,0.34500606354862007
145.0,38.0,55.0,0,0.5469032847646809
126.0,52.0,19.0,2,0.6417542702297715
105.0,16.0,9.0,1,0.29450645071354076
139.0,48.0,40.0,2,0.24384095750777468
129.0,78.0,19.0,0,0.7669337499170267
135.0,56.0,7.0,1,0.45767584707270625
110.0,44.0,20.0,1,0.6458558475744931
143.0,35.0,52.0,0,0.618256647630694
94.0,57.0,18.0,1,0.1547376489471064
120.0,85.0,36.0,1,0.11615316034892781
150.0,44.0,43.0,0,0.6547279756860769
119.0,69.0,41.0,1,0.6493055536667777
97.0,34.0,14.0,2,0.0
114.0,58.0,31.0,2,0.1213083539885701
98.0,26.0,12.0,1,0.6557684683688338
150.0,31.0,50.0,0,0.38918855314548373
92.0,20.0,12.0,1,0.40235314070648404
126.0,20.0,27.0,0,0.5298203619482418
118.0,77.0,22.0,0,0.7956405908689478
119.0,76.0,24.0,0,0.6225980764643754
104.0,26.0,17.0,1,0.6137939709110021
129.0,37.0,32.0,1,0.23573121030447458
153.0,31.0,56.0,0,1.0
118.0,56.0,50.0,1,0.5759355765428125
112.0,39.0,18.0,2,0.5549633735818266
159.0,49.0,34.0,1,1.0
142.0,50.0,50.0,2,0.0
150.0,88.0,32.0,1,0.4347333685178726
115.0,56.0,8.0,2,0.4460993398530534
125.0,47.0,15.0,2,0.36416002115315593
109.0,51.0,7.0,2,0.46983935646673164
143.0,60.0,41.0,1,0.6521524733896445
123.0,22.0,22.0,0,0.6477913056922568
110.0,63.0,2.0,2,0.004324693097779775
122.0,34.0,34.0,0,0.5839026614824316
123.0,48.0,29.0,1,0.6856161723722561
105.0,21.0,17.0,1,0.431743416758438
106.0,44.0,5.0,1,0.5877085090880195
118.0,55.0,35.0,1,0.17526323011059286
126.0,18.0,21.0,0,0.875318509072426
135.0,40.0,31.0,1,0.5880866289262197
113.0,32.0,17.0,2,0.33951546952167344
135.0,44.0,43.0,1,0.37017191414557904
116.0,40.0,36.0,0,0.4182868417007679
108.0,49.0,25.0,2,0.42148920551661495
95.0,21.0,24.0,1,0.6074712497641044
134.0,80.0,23.0,1,0.7976511918550679
114.0,39.0,29.0,2,0.33161963036905007
136.0,65.0,24.0,0,0.8008256012459127
94.0,57.0,28.0,2,0.35125568187462874
92.0,24.0,13.0,1,0.5656186926067764
141.0,51.0,37.0,2,0.5146580077504572
101.0,20.0,10.0,1,0.5064366063873186
121.0,61.0,23.0,0,0.4590693518465525
92.0,69.0,15.0,2,0.017305001431026756
102.0,21.0,24.0,1,0.7598325272364834
150.0,31.0,52.0,0,0.3057010943360403
106.0,38.0,14.0,2,0.35474954272353637
109.0,29.0,21.0,1,0.6127050497816104
125.0,38.0,26.0,0,0.4286974048186841
111.0,59.0,30.0,1,0.46579510009586617
111.0,55.0,24.0,2,0.15427449002564467
127.0,58.0,39.0,1,0.7380929994739965
110.0,31.0,19.0,2,0.38389922653451025
152.0,35.0,47.0,0,0.5780199047181125
139.0,57.0,43.0,1,0.4467773213899315
146.0,37.0,41.0,1,0.6036990596463657
100.0,27.0,25.0,1,0.7258922918997317
107.0,57.0,1.0,2,0.27149418142146436
124.0,83.0,28.0,1,0.8481120137756293
113.0,40.0,7.0,2,0.5502396676550787
126.0,66.0,49.0,1,0.533587409398174
107.0,42.0,16.0,2,0.14881259444595613
109.0,50.0,17.0,2,0.23663366281856596
142.0,28.0,20.0,1,0.7443129307994585
145.0,40.0,40.0,2,0.5143379792420941
137.0,46.0,50.0,2,0.48531058686222023
129.0,49.0,52.0,1,0.5850244502472699
90.0,35.0,19.0,2,0.2385383630447804
127.0,45.0,42.0,2,0.5828120165811066
133.0,47.0,45.0,1,1.0
117.0,37.0,1.0,2,0.3308851229527726
122.0,57.0,43.0,1,0.6654690400710314
117.0,75.0,61.0,1,0.4839721970803395
99.0,37.0,16.0,2,0.2138290606550755
113.0,28.0,22.0,0,0.6865114990928387
144.0,37.0,59.0,0,0.7110686174755867
106.0,34.0,6.0,2,0.2308365070605778
151.0,29.0,44.0,0,1.0
100.0,22.0,13.0,1,0.09023229827129597
127.0,30.0,21.0,0,0.7082038665269106
124.0,47.0,23.0,2,0.0
109.0,31.0,32.0,0,0.9360193896621869
141.0,46.0,46.0,2,0.4495891462731948
99.0,55.0,31.0,2,0.3942730893951483
119.0,69.0,18.0,0,0.6609234447789332
119.0,52.0,23.0,2,0.6578326731379076
141.0,56.0,50.0,1,0.6339624692024288
93.0,49.0,26.0,2,0.29821640017157774
140.0,30.0,39.0,2,0.23779604065353324
132.0,79.0,34.0,1,0.8582758198911977
148.0,50.0,44.0,2,0.48974876158443204
116.0,24.0,30.0,0,0.7463028055088426
137.0,49.0,34.0,2,0.5263644859317677
122.0,32.0,28.0,0,0.5605968595445492
139.0,25.0,45.0,1,0.4357642115612362
111.0,48.0,16.0,2,0.23069681727428137
126.0,67.0,66.0,1,0.6615928385263161
102.0,73.0,26.0,1,0.6739516821753568
146.0,53.0,43.0,2,0.4265610800344948
106.0,28.0,18.0,2,0.09353744912376255
131.0,65.0,49.0,1,0.6357462173933541
108.0,38.0,5.0,2,0.47090170443008933
138.0,41.0,36.0,2,0.28761493247779324
92.0,27.0,19.0,1,0.9125519326732296
99.0,50.0,18.0,2,0.07822600567534127
107.0,27.0,20.0,1,0.6568461964921127
109.0,56.0,34.0,2,0.2966439143746328
122.0,75.0,22.0,0,0.7638292970919549
149.0,37.0,53.0,0,0.8563993511209056
123.0,49.0,9.0,2,0.13816136894865377
129.0,76.0,22.0,0,1.0
140.0,43.0,41.0,2,0.2912608127710457
137.0,44.0,37.0,2,0.11239691244061506
102.0,69.0,14.0,2,0.09550615501455784
96.0,54.0,25.0,2,0.2880969397028176
118.0,70.0,38.0,1,0.650285200517702
103.0,56.0,15.0,1,0.4563415707145272
102.0,38.0,7.0,2,0.12492764417574825
146.0,38.0,45.0,0,0.4950087634840567
122.0,70.0,23.0,0,1.0
111.0,39.0,5.0,2,0.20307106265799715
150.0,30.0,51.0,0,0.7009911203269973
135.0,30.0,32.0,0,0.9217287262861942
139.0,37.0,38.0,2,0.35141950854151777
118.0,68.0,13.0,0,0.6275504557389933
117.0,53.0,48.0,1,0.37088456618860566
156.0,30.0,59.0,0,0.8209504514498281
103.0,70.0,30.0,0,0.6185015377664955
152.0,47.0,33.0,2,0.19917456328265026
119.0,71.0,7.0,0,0.5624154658117891
123.0,54.0,60.0,1,0.37123453048449756
120.0,61.0,20.0,1,0.5672865661614133
140.0,45.0,44.0,2,0.4996597605672094
136.0,63.0,31.0,1,0.7465834364345616
112.0,64.0,15.0,0,0.7986880953654245
118.0,28.0,1.0,2,0.15429871458245834
121.0,39.0,40.0,2,0.29165495665417573
103.0,28.0,17.0,2,0.24602397531587367
118.0,88.0,24.0,0,0.8938998131132369
120.0,69.0,1.0,0,0.5325925034592083
139.0,50.0,45.0,2,0.503339060932339
100.0,27.0,24.0,1,0.5437583394853788
104.0,33.0,11.0,1,0.34398972877053063
158.0,42.0,49.0,0,0.6981583191760251
150.0,39.0,46.0,0,0.8622386267143437
139.0,44.0,36.0,2,0.3101981801615434
124.0,54.0,32.0,2,0.16226560488031502
114.0,51.0,28.0,2,0.6981045862597177
100.0,42.0,23.0,2,0.21378236334779055
145.0,38.0,51.0,0,0.5816344658462119
134.0,48.0,42.0,2,0.0997185248495121
132.0,83.0,17.0,0,0.47608059407518283
113.0,44.0,51.0,1,0.6205447181032335
150.0,34.0,44.0,0,0.598963061305397
125.0,54.0,26.0,1,0.2503254769158258
111.0,24.0,6.0,2,0.1687251796622597
145.0,39.0,66.0,1,0.4698481705846276
111.0,74.0,42.0,1,0.23507796079106608
97.0,25.0,15.0,1,0.6775991992685286
133.0,43.0,40.0,2,0.277870137990901
151.0,35.0,47.0,0,0.9832017384227256
126.0,41.0,29.0,0,0.4855156332333749
130.0,59.0,36.0,1,0.5507045891139297
119.0,45.0,41.0,2,0.1290194650073429
136.0,52.0,43.0,2,0.31496325524695695
128.0,46.0,32.0,1,0.5355774471532655
118.0,36.0,16.0,2,0.1873069003691898
105.0,55.0,36.0,2,0.5353513809600845
104.0,17.0,16.0,1,0.5309237092430263
107.0,31.0,30.0,0,0.7302247242727634
156.0,38.0,49.0,0,0.5371702709679533
123.0,66.0,30.0,0,0.7819468396774254
99.0,29.0,14.0,1,0.45530594548022474
139.0,46.0,55.0,1,1.0
131.0,35.0,23.0,1,0.27221556503666766
129.0,34.0,48.0,1,0.5813166488297905
129.0,52.0,37.0,1,0.688349910700862
117.0,77.0,17.0,0,0.7012525827504091
151.0,35.0,50.0,0,0.6608590816492497
115.0,28.0,21.0,0,0.4252001854783239
132.0,66.0,18.0,0,0.7250464756803562
121.0,48.0,40.0,1,0.7914482752228817
138.0,38.0,40.0,2,0.522751534383576
90.0,23.0,20.0,1,0.4964086588725297
151.0,38.0,50.0,0,0.45868208300860347
124.0,41.0,36.0,1,0.44890486460087153
120.0,55.0,60.0,1,0.47230225393957137
113.0,29.0,24.0,0,0.8584888699526869
97.0,36.0,9.0,2,0.4422164847672014
131.0,37.0,10.0,2,0.41386431758416764
106.0,59.0,12.0,1,0.3176216278380485
117.0,47.0,56.0,1,0.19221662647022403
152.0,30.0,54.0,0,0.8547548707460646
110.0,44.0,21.0,1,0.5329394701154971
108.0,49.0,25.0,2,0.382099588109794
137.0,46.0,44.0,2,0.1450023449182973
102.0,22.0,19.0,1,0.5766049785848306
100.0,21.0,20.0,1,0.40374565887345876
105.0,24.0,19.0,1,0.5931840268661224
96.0,25.0,17.0,1,0.48339469572392857
122.0,26.0,37.0,0,0.4747082915215708
95.0,51.0,16.0,2,0.46939950797036306
105.0,41.0,19.0,2,0.4013481941837735
114.0,69.0,22.0,0,0.4543172323524306
118.0,41.0,23.0,2,0.24004597689979199
104.0,44.0,12.0,2,0.27480251862244043
122.0,69.0,17.0,0,0.3821369313921146
146.0,33.0,52.0,1,0.5011856762596485
119.0,31.0,28.0,2,0.26173531498825786
118.0,44.0,6.0,2,0.5026307759978546
119.0,17.0,22.0,0,1.0
128.0,35.0,35.0,0,0.7510739766931335
107.0,30.0,2.0,1,0.4489208406220891
146.0,43.0,31.0,2,0.24576106486251603
145.0,46.0,49.0,2,0.30231484911074846
157.0,37.0,45.0,0,0.9068246813735967
139.0,44.0,39.0,2,0.2904949577364826
121.0,44.0,16.0,2,0.05774816312618253
148.0,40.0,47.0,0,0.5187060282973109
110.0,26.0,11.0,1,0.42154654496395444
101.0,27.0,1.0,2,0.37046046200076527
139.0,46.0,34.0,2,0.20788853437698943
129.0,44.0,36.0,2,0.7356950315899424
102.0,17.0,2.0,1,0.7472943663292152
137.0,78.0,43.0,1,0.6854638448091479
127.0,63.0,47.0,1,0.5905212579309292
150.0,37.0,53.0,0,0.2535219470691841
122.0,21.0,21.0,0,1.0
151.0,35.0,42.0,0,0.7083828637788406
103.0,27.0,11.0,1,0.3104318714412538
142.0,46.0,42.0,2,0.09143256176520087
112.0,69.0,19.0,2,0.500009412705381
133.0,65.0,15.0,0,0.3908272321868269
93.0,83.0,62.0,1,0.40256022002511993
127.0,47.0,35.0,1,0.6582307850492157
150.0,41.0,40.0,0,0.9549990174986533
114.0,25.0,6.0,2,0.37590555445721185
120.0,74.0,16.0,0,1.0
112.0,36.0,27.0,0,0.9528675679175211
146.0,30.0,55.0,0,0.3720904440259348
147.0,36.0,56.0,0,0.8684918981334372
130.0,44.0,26.0,1,0.8855745517786211
114.0,51.0,7.0,2,0.7051344126029255
134.0,51.0,49.0,1,0.5957897498240826
114.0,44.0,24.0,2,0.4208513968014759
131.0,66.0,24.0,1,0.6485385952687241
139.0,43.0,49.0,1,0.6583520733546706
125.0,71.0,31.0,1,0.8705942365408266
124.0,43.0,33.0,0,0.5532241628393395
134.0,65.0,27.0,0,0.9340539176459528
128.0,39.0,13.0,0,0.8703277963364111
102.0,31.0,21.0,1,0.46769099867894515
98.0,28.0,9.0,1,0.3785066099649406
116.0,85.0,21.0,0,0.32348541011140963
118.0,81.0,17.0,0,1.0
126.0,16.0,39.0,0,0.8259617637027945
106.0,46.0,42.0,0,0.8674654790056142
124.0,30.0,36.0,0,0.9055952557936707
146.0,16.0,16.0,1,0.13383927218416392
132.0,35.0,48.0,1,0.4062718143753762
96.0,23.0,8.0,1,0.3262371837435939
142.0,54.0,42.0,1,0.522126745316475
135.0,38.0,41.0,1,0.27847365853212
83.0,86.0,34.0,1,0.11256389337106137
122.0,64.0,25.0,2,0.6031397154015894
146.0,45.0,45.0,2,0.13518229111047178
132.0,54.0,45.0,1,0.5763960503254677
93.0,28.0,24.0,1,0.32062072268213626
122.0,45.0,8.0,2,0.23285426536205034
104.0,25.0,17.0,1,0.24037306460371372
138.0,58.0,35.0,0,0.5738607463897301
124.0,76.0,23.0,0,0.8532092219431586
146.0,41.0,43.0,2,0.37461005364432154
155.0,33.0,52.0,0,0.7999193790311631
160.0,35.0,49.0,2,0.0
139.0,37.0,38.0,2,0.05215412750138909
97.0,19.0,19.0,1,0.1655650166744268
142.0,46.0,53.0,2,0.4504947387250714
115.0,38.0,27.0,0,0.7414465275781362
120.0,54.0,25.0,2,0.2157596246483322
127.0,71.0,21.0,0,0.9838050875434641
95.0,26.0,10.0,1,0.37381490209084245
101.0,23.0,18.0,1,1.0
130.0,81.0,23.0,0,0.5313166392662887
126.0,39.0,19.0,2,0.5676550942325915
104.0,22.0,13.0,1,0.3683920621616937
132.0,51.0,44.0,2,0.21824536379258302
155.0,29.0,48.0,0,0.6297580249113804
103.0,16.0,12.0,1,0.5467809665278958
106.0,37.0,24.0,2,0.41269974827121064
100.0,46.0,39.0,1,0.6827203208529818
148.0,34.0,46.0,0,0.6925323143377641
118.0,50.0,35.0,1,0.6238283439244053
111.0,35.0,47.0,1,0.07596255636744736
114.0,33.0,15.0,2,0.19529040457480812
104.0,38.0,9.0,2,0.17235361046964773
95.0,46.0,14.0,2,0.12541853037038075
122.0,69.0,9.0,0,0.8990214080127206
110.0,42.0,32.0,1,0.6076116080496018
108.0,63.0,26.0,2,0.4989305141569119
153.0,39.0,47.0,2,0.014005648773709412
101.0,48.0,10.0,2,0.07964213817251103
102.0,60.0,35.0,1,0.8569867689739425
105.0,31.0,22.0,2,0.1883287984323806
108.0,73.0,14.0,0,0.9384877997360325
117.0,67.0,23.0,0,0.5940737948497576
111.0,76.0,20.0,0,0.59634799363902
144.0,46.0,32.0,2,0.2854741533668068
86.0,47.0,1.0,1,0.9387292812587649
106.0,34.0,48.0,0,0.7307713531822756
151.0,28.0,51.0,0,0.6008944326053852
125.0,42.0,21.0,1,0.3961699844112385
114.0,32.0,25.0,0,0.5485974947077048
98.0,29.0,8.0,1,0.5995737406695162
112.0,38.0,16.0,2,0.1893782893193195
118.0,68.0,37.0,0,0.6726994362320392
141.0,29.0,55.0,0,0.9064574804332552
108.0,16.0,40.0,0,0.6766480848356643
133.0,82.0,18.0,0,0.9889651085986291
98.0,45.0,28.0,2,0.42431637905316255
113.0,46.0,22.0,1,0.36264216204812494
114.0,28.0,24.0,2,0.43240957179565975
149.0,32.0,46.0,0,0.9523243030806374
111.0,46.0,26.0,2,0.6966509546789946
118.0,47.0,27.0,2,0.21170718189064358
115.0,16.0,40.0,0,0.06406387908779843
115.0,29.0,33.0,0,1.0
96.0,26.0,17.0,1,0.9661753391927348
108.0,19.0,12.0,2,0.47184322969704107
106.0,58.0,55.0,1,0.6614849964640299
156.0,34.0,61.0,0,0.44529581425234294
105.0,54.0,12.0,2,0.24174128767169037
124.0,67.0,22.0,0,0.946141713265581
150.0,42.0,44.0,0,0.6194866215726593
133.0,25.0,52.0,1,0.4041669516633103
125.0,49.0,40.0,1,0.6627476171019898
97.0,49.0,60.0,1,0.38140363751839285
120.0,24.0,26.0,0,0.6473850278791825
110.0,37.0,44.0,0,0.5122216722206925
114.0,36.0,15.0,2,0.34929596986322853
119.0,51.0,13.0,2,0.2585575220255341
112.0,90.0,30.0,0,0.6111440743726744
110.0,16.0,37.0,0,0.492358080098682
119.0,43.0,38.0,0,0.6758417411050981
95.0,22.0,14.0,1,0.8925017003389213
134.0,47.0,39.0,2,0.442354345057246
92.0,26.0,26.0,1,0.34571641800834135
108.0,36.0,25.0,0,0.9102965320869782
145.0,40.0,42.0,2,0.04679275790840487
95.0,26.0,12.0,1,0.2989064199608934
150.0,50.0,41.0,2,0.19671023795702164
107.0,54.0,62.0,1,0.5585642236858516
133.0,45.0,49.0,2,0.0
105.0,24.0,12.0,1,0.5041757675510414
119.0,16.0,28.0,0,1.0
144.0,56.0,43.0,1,0.5406872621618517
145.0,40.0,48.0,2,0.4665332383006666
147.0,33.0,54.0,0,0.6627429401603881
125.0,73.0,12.0,0,0.5793040407503286
112.0,37.0,1.0,1,0.5786439787466243
115.0,16.0,29.0,1,0.3421656194744337
102.0,47.0,37.0,1,0.7254630109955591
117.0,45.0,5.0,2,0.12733924814177244
115.0,61.0,31.0,2,0.2663004595067177
121.0,37.0,34.0,0,0.944437975758142
119.0,47.0,3.0,2,0.3227843678070688
136.0,42.0,37.0,2,0.3578893077797227
122.0,32.0,38.0,0,0.5543507517304622
114.0,24.0,17.0,1,0.6178172097877763
123.0,31.0,37.0,1,0.660515318739637
108.0,37.0,25.0,1,0.19474732326460242
108.0,52.0,33.0,2,0.35923307468600246
112.0,41.0,59.0,1,0.3542455049792157
126.0,41.0,49.0,1,0.8257221181319235
140.0,48.0,27.0,2,0.24720447203463283
151.0,27.0,45.0,0,0.5699731815358638
141.0,53.0,27.0,1,0.7178521073810218
126.0,43.0,25.0,0,0.8157393538517106
117.0,30.0,19.0,0,0.6210674868222675
112.0,50.0,30.0,2,0.888941495209292
104.0,39.0,8.0,2,0.044117216501396106
137.0,39.0,35.0,2,0.34874554762987797
128.0,69.0,23.0,0,0.8333686505900072
150.0,35.0,60.0,0,0.7219380475439855
107.0,39.0,15.0,2,0.11210270945651563
142.0,47.0,40.0,2,0.38424294929990854
115.0,45.0,25.0,2,0.1451280663744477
139.0,49.0,40.0,2,0.3824087663003223
97.0,26.0,6.0,1,0.7987530421671907
118.0,39.0,21.0,2,0.43089594513248786
91.0,27.0,17.0,1,0.5191258588377399
103.0,23.0,8.0,1,0.6112731930011339
107.0,23.0,13.0,1,0.48801698473762833
116.0,32.0,26.0,0,0.5745662736921268
119.0,100.0,22.0,0,0.7091462986247549
128.0,78.0,15.0,0,0.5910341294520126
105.0,46.0,65.0,1,0.4266668592692401
120.0,59.0,27.0,1,0.4465016703755244
151.0,33.0,48.0,0,0.7358412631587786
109.0,42.0,18.0,2,0.2522509816073697
109.0,56.0,23.0,1,0.25700054976468406
117.0,28.0,42.0,0,1.0
104.0,37.0,12.0,2,0.5018110592523166
95.0,37.0,17.0,2,0.2223811087579392
126.0,77.0,28.0,0,0.6438671212423204
102.0,26.0,15.0,1,0.27887629582293605
121.0,56.0,47.0,1,0.8276834517707493
119.0,44.0,15.0,2,0.09206804084061304
95.0,49.0,16.0,2,0.24501456051276768
144.0,31.0,52.0,0,0.5581309528980373
115.0,28.0,26.0,1,0.4872600900235554
139.0,16.0,32.0,0,0.7344737424802217
143.0,58.0,31.0,1,0.6627380793444091
142.0,31.0,38.0,2,0.1276153089262768
114.0,76.0,11.0,1,0.37808932023462327
154.0,35.0,46.0,0,0.9210667331551077
142.0,52.0,45.0,2,0.1292038164333375
109.0,55.0,51.0,1,0.4336717254210908
115.0,30.0,14.0,0,1.0
97.0,37.0,13.0,2,0.2100106771771818
106.0,71.0,14.0,0,0.6595677084210969
106.0,35.0,19.0,2,0.13576388253163604
121.0,24.0,59.0,1,0.38866489514832137
139.0,55.0,50.0,1,0.16332828960843815
116.0,30.0,29.0,2,0.24505419890075908
105.0,42.0,21.0,2,0.24369469991786474
111.0,64.0,36.0,1,0.5151880281345954
108.0,59.0,36.0,2,0.6399053109703934
125.0,99.0,19.0,1,0.6131513787135313
129.0,56.0,39.0,1,0.49130037749376215
104.0,24.0,41.0,0,0.9254530808873943
122.0,35.0,33.0,0,0.8987955639185099
133.0,44.0,40.0,2,0.1810046499536178
117.0,27.0,37.0,0,0.8724950920647842
117.0,18.0,26.0,0,0.9079255154751766
107.0,25.0,11.0,1,0.7865491876580417
152.0,31.0,49.0,0,0.924031584981013
123.0,35.0,39.0,0,0.6572409088525754
118.0,35.0,38.0,0,0.7603845952398416
92.0,31.0,20.0,1,0.5067265067332276
144.0,33.0,53.0,0,0.6381255213218281
145.0,67.0,27.0,1,0.1526989205060743
129.0,86.0,19.0,0,0.6506193843724409
104.0,54.0,29.0,2,0.2944309287903837
135.0,48.0,23.0,0,0.3150857120933171
124.0,80.0,24.0,0,0.5299454095604774
108.0,45.0,16.0,2,0.39000111930537856
118.0,37.0,9.0,2,0.27199255663821337
143.0,42.0,38.0,2,0.43196981319922656
92.0,32.0,12.0,1,0.3385176390404727
151.0,32.0,56.0,0,1.0
100.0,38.0,35.0,2,0.1564532813672082
127.0,63.0,62.0,1,0.6188450393975373
93.0,39.0,10.0,2,0.09720740081408058
123.0,54.0,56.0,1,0.26060488050763
101.0,54.0,30.0,2,0.2350445122564174
152.0,67.0,20.0,1,0.45874811423865386
130.0,44.0,21.0,0,0.5124218056082476
147.0,33.0,54.0,0,0.5571806318058434
102.0,50.0,7.0,2,0.32235203258272865
147.0,36.0,51.0,0,0.9271225288559193
146.0,57.0,40.0,1,0.6591238007642066
113.0,58.0,14.0,0,1.0
152.0,41.0,50.0,0,1.0
106.0,85.0,13.0,0,0.9682112564668315
117.0,24.0,20.0,0,1.0
134.0,39.0,47.0,1,0.3413699986530795
120.0,34.0,57.0,1,0.5473943374565081
116.0,76.0,21.0,0,0.8455311163544208
108.0,87.0,29.0,1,0.9564469104814446
96.0,61.0,20.0,2,0.17382864513519103
125.0,25.0,29.0,0,0.4483399301933395
110.0,20.0,36.0,0,0.8496762177410447
143.0,48.0,39.0,2,0.5981793616354394
98.0,25.0,17.0,1,0.8164909769748112
124.0,40.0,17.0,2,0.3741499802010056
146.0,37.0,45.0,0,0.6180634908697467
118.0,24.0,42.0,0,0.5622646728754674
108.0,37.0,37.0,0,0.6166654304019812
115.0,29.0,21.0,2,0.1282082070945937
114.0,53.0,19.0,1,0.37703698145795594
121.0,46.0,17.0,2,0.26157095683208015
106.0,35.0,62.0,1,0.1597326255850653
126.0,34.0,34.0,0,0.7666121285552291
92.0,16.0,18.0,1,0.6931565759715848
139.0,45.0,39.0,2,0.1112374429351099
96.0,32.0,19.0,1,0.45478628302608753
159.0,38.0,42.0,0,0.6331512153708978
103.0,31.0,12.0,1,0.11338024669903446
126.0,32.0,47.0,1,0.718768803695801
117.0,31.0,22.0,0,0.8949925915140904
103.0,100.0,28.0,0,0.7946317895383188
135.0,75.0,14.0,0,0.9333198975271431
139.0,55.0,48.0,2,0.40955018663641063
120.0,42.0,23.0,2,0.3208153852038699
103.0,16.0,11.0,1,0.511929837990882
138.0,36.0,35.0,2,0.26462764021848045
99.0,31.0,7.0,1,0.8153464451114658
110.0,34.0,37.0,0,0.8527176623079882
146.0,33.0,46.0,0,0.970160211703884
152.0,37.0,65.0,0,0.3956347065225211
139.0,31.0,37.0,1,0.6118895950881902
107.0,44.0,22.0,2,0.6070364434502697
138.0,50.0,42.0,2,0.5272897207563721
137.0,42.0,35.0,2,0.042607082657414364
95.0,21.0,20.0,1,0.3744141063286729
142.0,40.0,27.0,1,0.45400231767048405
158.0,48.0,44.0,1,0.49093526939688786
126.0,48.0,48.0,1,0.48394325415063627
111.0,34.0,35.0,0,0.6450965164359695
145.0,37.0,51.0,0,0.8694612711135398
117.0,72.0,13.0,0,0.7543050701662252
108.0,77.0,24.0,0,0.8595085169754012
102.0,52.0,12.0,2,0.37844299297145295
128.0,26.0,7.0,0,0.8324476300954675
102.0,16.0,3.0,1,0.600295194699644
125.0,78.0,22.0,0,0.8205969069332419
105.0,40.0,15.0,2,0.5629334226740557
112.0,17.0,24.0,0,1.0
147.0,34.0,51.0,0,0.6462563650227215
148.0,32.0,52.0,0,0.4714352698469192
119.0,56.0,45.0,1,0.36111694396662974
118.0,16.0,36.0,0,1.0
112.0,49.0,34.0,1,0.462713963732736
139.0,45.0,40.0,2,0.13022687178306025
114.0,74.0,31.0,0,0.3299662658604453
143.0,40.0,50.0,0,0.6761670174444245
144.0,46.0,43.0,2,0.09494779952876681
108.0,32.0,24.0,0,0.6057964904038562
150.0,38.0,49.0,0,0.6665289366954279
122.0,37.0,13.0,2,0.0
116.0,81.0,10.0,0,0.5313404314861321
119.0,25.0,31.0,0,0.8963938543503828
129.0,67.0,20.0,0,0.9479529109935916
118.0,53.0,34.0,2,0.46641479686450027
98.0,68.0,26.0,1,0.5185668049304598
108.0,46.0,19.0,1,0.601521130823217
146.0,29.0,54.0,0,0.9948704856243715
125.0,45.0,30.0,2,0.23613557527341034
97.0,18.0,16.0,1,0.5230891923270158
119.0,59.0,17.0,2,0.004519553318545588
130.0,19.0,45.0,0,0.3281058411073903
150.0,27.0,49.0,0,1.0
127.0,35.0,51.0,1,0.7655919106860367
117.0,78.0,18.0,0,1.0
140.0,47.0,37.0,2,0.5723172225379014
138.0,30.0,28.0,0,0.8651004764363974
99.0,22.0,10.0,1,0.5383717932225884
128.0,38.0,29.0,1,0.5957417027118863
109.0,24.0,27.0,0,0.6950228052665572
142.0,48.0,50.0,2,0.39514289125942437
128.0,24.0,25.0,0,0.4272382915231511
119.0,67.0,10.0,1,0.6996754314616831
106.0,39.0,22.0,2,0.48628852374516857
148.0,50.0,41.0,2,0.5527006568359182
113.0,18.0,33.0,0,0.5401367560645587
121.0,50.0,42.0,1,0.07087315196771021
97.0,26.0,16.0,1,0.6901221503554127
137.0,40.0,30.0,2,0.4952407192797321
107.0,62.0,24.0,2,0.15567069686478327
100.0,30.0,21.0,1,0.7223377770567362
121.0,45.0,24.0,2,0.49052111084234795
103.0,37.0,16.0,1,0.6766871868634915
120.0,67.0,16.0,0,0.8726207901246888
132.0,52.0,34.0,2,0.5989512104477244
112.0,85.0,13.0,0,0.6393757486544314
103.0,34.0,13.0,1,0.5926829217176758
123.0,86.0,5.0,0,0.6975584700014151
96.0,80.0,22.0,0,0.5495600318060625
149.0,50.0,39.0,2,0.15647376939638555
121.0,79.0,7.0,0,1.0
118.0,38.0,23.0,2,0.6320534459914859
133.0,16.0,23.0,0,0.6043649417566734
119.0,40.0,27.0,0,0.5537731820516898
123.0,36.0,20.0,0,0.505211710805789
157.0,71.0,24.0,1,0.49956293449408645
125.0,21.0,30.0,0,0.49371932411992525
134.0,64.0,30.0,1,0.3373318953793259
147.0,38.0,51.0,0,0.4328228777578628
102.0,68.0,34.0,1,0.05497211590684942
153.0,35.0,49.0,0,0.979639664530159
115.0,41.0,26.0,2,0.32240410432938543
144.0,40.0,44.0,2,0.4521746038207557
93.0,47.0,3.0,2,0.15322784468287295
110.0,40.0,38.0,1,0.40511288448331584
134.0,57.0,48.0,2,0.1180103202750652
130.0,58.0,46.0,1,0.3794826100277928
120.0,30.0,27.0,0,0.3457235000002885
111.0,27.0,32.0,0,0.3158001365696105
95.0,28.0,12.0,1,0.9766583823334077
100.0,16.0,19.0,1,0.25736499085383213
147.0,35.0,51.0,0,0.8118356153376263
95.0,22.0,13.0,1,0.8887157645627612
112.0,45.0,19.0,2,0.36704730615302417
158.0,39.0,48.0,0,0.7532636247471981
153.0,30.0,51.0,0,0.625401077714956
150.0,39.0,47.0,0,1.0
129.0,71.0,26.0,0,0.6431863268470694
104.0,45.0,44.0,1,0.46405914355167927
106.0,35.0,35.0,0,0.9165465552499839
122.0,55.0,29.0,2,0.4859877606760418
110.0,89.0,4.0,1,0.2822715257546454
132.0,18.0,3.0,0,0.7168642856846573
145.0,45.0,32.0,1,0.44961266348154416
133.0,25.0,13.0,0,0.4635799442394828
114.0,36.0,19.0,2,0.3747913351856889
111.0,83.0,34.0,0,0.7241591199757127
115.0,40.0,6.0,2,0.4973945411734263
133.0,71.0,15.0,0,0.6728824464194043
101.0,25.0,21.0,1,0.7289761803419095
119.0,44.0,45.0,2,0.0
142.0,38.0,42.0,2,0.454988572847219
129.0,58.0,15.0,1,0.43404640571063036
94.0,24.0,12.0,1,0.5618656732403622
115.0,55.0,35.0,2,0.35085894333134904
100.0,73.0,29.0,0,0.6074232559184927
102.0,16.0,11.0,1,0.3409573943683101
147.0,67.0,29.0,1,0.5323830285896136
148.0,32.0,51.0,0,0.8680909690525526
115.0,90.0,29.0,0,0.6340116224745083
126.0,62.0,12.0,0,0.48190711426375166
145.0,34.0,41.0,1,0.16023950917835744
96.0,37.0,16.0,2,0.43906933629211686
117.0,46.0,49.0,1,0.4285089040887051
125.0,72.0,23.0,0,0.6202392127340488
127.0,79.0,18.0,0,1.0
140.0,47.0,44.0,2,0.6815720758143666
131.0,32.0,62.0,1,0.3479841112287798
99.0,34.0,31.0,2,0.16187244837164827
118.0,32.0,27.0,0,0.6180992640015676
114.0,87.0,18.0,0,0.6886874844572038
102.0,33.0,25.0,2,0.3209091476729542
123.0,38.0,28.0,2,0.2618501196615189
141.0,48.0,34.0,2,0.3615290526748333
127.0,30.0,28.0,0,0.5678997706490648
116.0,46.0,44.0,2,0.29754631540774445
143.0,45.0,39.0,2,0.0
98.0,28.0,15.0,1,0.6453718434575316
142.0,53.0,35.0,2,0.4913508276718402
147.0,39.0,49.0,0,0.4720701391727504
135.0,74.0,12.0,0,0.5276562358994799
166.0,53.0,51.0,1,0.5978718681938946
141.0,42.0,42.0,2,0.0
102.0,25.0,12.0,1,0.1626175879067086
152.0,35.0,50.0,0,0.09702870847185119
128.0,65.0,38.0,1,0.4235220845001181
147.0,49.0,44.0,2,0.2272858074062389
152.0,34.0,53.0,0,0.5452810821623018
131.0,71.0,18.0,0,1.0
128.0,54.0,47.0,1,0.9024351661266864
153.0,29.0,48.0,0,0.7848584152358504
117.0,42.0,35.0,0,0.9120180889857405
120.0,60.0,48.0,1,0.8361811954958065
114.0,42.0,34.0,1,0.6385701904779814
122.0,34.0,34.0,0,1.0
153.0,30.0,49.0,0,0.9206435741025725
116.0,54.0,41.0,1,0.6471189138658988
111.0,44.0,31.0,2,0.309424417025593
148.0,33.0,49.0,0,0.8206157407384559
121.0,23.0,40.0,0,0.43397657536835627
119.0,74.0,17.0,0,0.6277859680016853
115.0,55.0,33.0,2,0.07406482399880815
109.0,37.0,24.0,2,0.40724815464044184
143.0,41.0,44.0,2,0.26577959227362036
105.0,57.0,28.0,2,0.29486112696475864
107.0,56.0,8.0,2,0.5747254376359806
100.0,41.0,26.0,2,0.37865740052202057
116.0,43.0,33.0,0,0.83399529555332
148.0,35.0,45.0,0,0.6415296916237857
151.0,38.0,53.0,0,0.8181391749483342
138.0,43.0,36.0,2,0.19299704321999478
129.0,53.0,29.0,2,0.10337903933226394
119.0,37.0,26.0,0,0.9183829607243881
119.0,41.0,16.0,2,0.0
153.0,35.0,46.0,1,0.4226944345285437
90.0,50.0,18.0,2,0.39982645004287215
149.0,33.0,44.0,0,0.5400698810244182
111.0,47.0,16.0,2,0.43914570497292493
119.0,87.0,25.0,0,1.0
103.0,22.0,23.0,1,0.5702422030592404
107.0,23.0,22.0,1,0.6914850695580088
113.0,30.0,20.0,2,0.17744375594161232
111.0,78.0,14.0,1,0.7489068518290061
97.0,28.0,15.0,1,0.7780189054682191
121.0,63.0,27.0,0,1.0
150.0,40.0,50.0,0,0.5636388860249786
103.0,17.0,9.0,1,0.7310324179189052
131.0,75.0,48.0,1,0.7188938027946783
100.0,42.0,16.0,2,0.19448023777333595
90.0,83.0,27.0,1,0.5145675404137855
121.0,73.0,46.0,1,1.0
131.0,20.0,36.0,0,0.3233723080116199
151.0,44.0,41.0,2,0.03870720396421151
126.0,46.0,27.0,2,0.3050229088468988
143.0,39.0,39.0,2,0.0
106.0,41.0,18.0,2,0.4510012358571143
114.0,34.0,17.0,2,0.149235892724035
147.0,41.0,38.0,2,0.21417360168801225
118.0,45.0,37.0,1,0.44209686301543716
106.0,26.0,21.0,1,1.0
97.0,75.0,34.0,0,0.6006590997393454
147.0,33.0,53.0,0,1.0
123.0,75.0,13.0,0,0.8958028055952403
108.0,53.0,23.0,2,0.5312880559872897
105.0,38.0,26.0,2,0.7234024919361155
118.0,38.0,28.0,1,0.7322196538755031
106.0,23.0,23.0,0,0.7036539336484706
106.0,30.0,10.0,1,0.6641365199864575
90.0,23.0,13.0,1,0.43254642661762793
126.0,18.0,41.0,0,0.7987380346246081
108.0,61.0,7.0,0,0.4990617168107423
109.0,38.0,38.0,0,0.40598464283080454
127.0,46.0,57.0,1,0.8229035681930494
149.0,36.0,50.0,0,0.5757874596195356
102.0,41.0,6.0,2,0.4014285832611969
96.0,52.0,15.0,2,0.1981746220850119
152.0,31.0,51.0,0,0.6346555138142447
144.0,47.0,42.0,2,0.42857051086039366
113.0,44.0,34.0,2,0.18775804334963497
101.0,26.0,12.0,1,0.3016224405752078
122.0,24.0,27.0,0,0.39296827139256163
107.0,54.0,62.0,1,0.9689638078671493
152.0,39.0,54.0,0,0.3261695763820609
102.0,29.0,15.0,1,0.37916302440199723
135.0,35.0,40.0,1,0.5006559492537148
106.0,53.0,25.0,2,0.16796218935072654
102.0,37.0,11.0,1,0.4893086831787582
114.0,52.0,33.0,2,0.1309685765819974
128.0,70.0,31.0,0,0.6736591934701692
112.0,58.0,49.0,1,0.03643825211379936
105.0,23.0,19.0,1,0.6899422978965792
108.0,81.0,21.0,0,1.0
110.0,38.0,15.0,2,0.40168618674710443
152.0,43.0,51.0,0,0.8007750771603739
134.0,40.0,45.0,1,0.601545635585865
90.0,45.0,16.0,2,0.6172918841938796
137.0,66.0,20.0,0,1.0
152.0,38.0,58.0,0,0.8034611656734767
139.0,55.0,48.0,1,0.5578418988668371
112.0,53.0,9.0,2,0.5030084285581338
94.0,30.0,18.0,1,0.48048049604868626
107.0,32.0,2.0,2,0.0765975498192803
122.0,46.0,41.0,0,1.0
133.0,45.0,27.0,2,0.1642381933285324
146.0,83.0,21.0,1,0.5072407969769527
111.0,41.0,36.0,2,0.5389882934204987
130.0,41.0,38.0,2,0.4709560440817925
125.0,46.0,19.0,2,0.13181220648565042
88.0,26.0,31.0,1,0.6658224089138156
149.0,31.0,44.0,0,0.5758419298848841
151.0,38.0,45.0,0,0.9806741669990586
146.0,29.0,56.0,0,0.44725147719864905
131.0,27.0,17.0,1,0.4119152301788488
100.0,47.0,22.0,2,0.14677111500016132
132.0,53.0,63.0,1,0.08921219449477219
139.0,46.0,40.0,2,0.5549797228798659
142.0,48.0,84.0,1,0.43139909516261427
90.0,54.0,8.0,1,0.9282759207527131
149.0,48.0,33.0,2,0.4631661960894106
131.0,75.0,45.0,1,0.5700381242582465
114.0,34.0,32.0,2,0.3935185733831985
138.0,41.0,45.0,2,0.2783637374984952
100.0,31.0,28.0,2,0.18707079319050707
100.0,52.0,38.0,2,0.038733577169202116
